<configuration>
    <appender name="STDOUT" class="ch.qos.logback.core.ConsoleAppender">
        <encoder>
            <pattern>%d{yyyy-MM-dd} | %d{HH-mm:ss.SSS} | %thread | %5p | %logger{25} | %m%n </pattern>
        </encoder>
    </appender>
    <appender name="FILE" class="ch.qos.logback.core.FileAppender">
        <file>logs/logs.txt</file>
        <append>true</append>
    <encoder>
        <pattern>%d{yyyy-MM-dd} | %d{HH-mm:ss.SSS} | %thread | %5p | %logger{25} | %m%n </pattern>
    </encoder>
    </appender>
    <root level="info">
        <appender-ref ref="FILE"/>
        <appender-ref ref="STDOUT"/>
    </root>
</configuration>

